radio,mcc,net,area,cell,unit,lon,lat,range,samples,changeable,created,updated,averageSignal
UMTS,316,10,909,6443782,0,-117.31956481934,34.070663452148,1000,1,1,1270708270,1270708270,0
CDMA,316,1,3390,7153,0,-96.820449829102,32.706985473633,1000,3,1,1301945831,1301945831,0
CDMA,316,1,1232,42274,0,-85.332870483398,30.697860717773,1000,1,1,1313740045,1313740045,0
CDMA,316,1,1854,17257,0,-80.253067016602,26.145401000977,1000,2,1,1362143006,1362143006,0
LTE,316,6,8,873,0,-122.16178894043,47.504196166992,1000,1,1,1426087688,1426087688,0
LTE,316,70,5,5347,0,-121.06178283691,39.157333374023,1000,1,1,1445837819,1445837819,0
LTE,316,6,8,358,0,-122.25654602051,47.589340209961,1000,1,1,1426038333,1426038333,0
LTE,316,70,5,5483,0,-121.07688903809,39.010391235352,1000,1,1,1447167479,1447167479,0
LTE,316,170,51,1226,0,-79.852066040039,36.633224487305,1000,1,1,1444990897,1444990897,0
LTE,316,16,9,832,0,-74.192733764648,40.438613891602,1000,1,1,1437584470,1437584470,0
LTE,316,70,5,5362,0,-121.0604095459,39.025497436523,1000,1,1,1446519734,1446519734,0
LTE,316,70,5,1155,0,-121.62071228027,39.158706665039,1000,1,1,1438750614,1438750614,0
LTE,316,6,8,819,0,-122.15354919434,47.623672485352,1000,1,1,1426358593,1426358593,0
LTE,316,6,8,753,0,-122.31559753418,47.472610473633,1000,1,1,1425708112,1425708112,0
LTE,316,70,5,4859,0,-121.62483215332,39.150466918945,1000,1,1,1441585331,1441585331,0
LTE,316,6,8,4968,0,-122.17414855957,47.49870300293,1000,1,1,1426358489,1426358489,0
LTE,316,16,9,4385,0,-74.196853637695,40.438613891602,1000,1,1,1437667314,1437667314,0
LTE,316,70,5,4609,0,-121.07688903809,38.90739440918,1000,1,1,1446052740,1446052740,0
LTE,316,70,5,5361,0,-121.0604095459,39.025497436523,1000,1,1,1447167479,1447167479,0
LTE,316,70,5,1154,0,-121.6234588623,39.155960083008,1000,1,1,1441585320,1441585320,0
LTE,316,6,8,4678,0,-122.15354919434,47.619552612305,1000,1,1,1426358489,1426358489,0
LTE,316,6,8,4763,0,-122.36915588379,47.660751342773,1000,1,1,1425708176,1425708176,0
LTE,316,20,4,4877,0,-87.948989868164,42.484817504883,1000,1,1,1408433844,1408433844,0
LTE,316,6,8,533,0,-122.31559753418,47.472610473633,1000,1,1,1425708112,1425708112,0
LTE,316,180,1,4945,0,-94.544906616211,37.115249633789,1000,1,1,1467787817,1467787817,0
GSM,316,10,32178,28263,0,-73.764266967773,40.711898803711,1000,1,1,1429937801,1429937801,0
GSM,316,10,32178,60421,0,-73.764266967773,40.711898803711,1000,1,1,1429937801,1429937801,0
GSM,316,10,32178,61041,0,-73.764266967773,40.711898803711,1000,1,1,1429937801,1429937801,0
GSM,316,80,1,41,0,-93.171615600586,31.357040405273,1000,1,1,1446934420,1446934420,0
GSM,316,90,1,7031,0,-116.799088,34.984589,1000,2,1,1458849618,1478501428,0
GSM,316,10,32178,60423,0,-73.764266967773,40.711898803711,1000,1,1,1429937801,1429937801,0
GSM,316,10,32178,61042,0,-73.764266967773,40.711898803711,1000,1,1,1429937801,1429937801,0
GSM,316,80,1,42,0,-93.171615600586,31.357040405273,1000,1,1,1446934420,1446934420,0
GSM,316,80,1,43,0,-93.171615600586,31.359786987305,1000,1,1,1446934416,1446934416,0
GSM,316,90,1,7011,0,-115.80207824707,35.400009155273,1000,3,1,1460203725,1487920541,0
LTE,316,20,4,779,0,-88.306045532227,41.858596801758,1000,1,1,1461604814,1461604814,0
LTE,316,490,3,81,0,-104.61387634277,38.24821472168,1000,1,1,1490269696,1490269696,0
CDMA,316,7,9,658,-1,-77.319473,38.844345,1000,1,1,1505390570,1505392663,0
CDMA,316,7,8,4392,-1,-77.196533,38.735565,1000,1,1,1505393936,1505399161,0
CDMA,316,7,8,4904,-1,-77.201469,38.733135,1000,2,1,1505393936,1505399162,0
CDMA,316,7,9,489,-1,-77.319656,38.844364,1000,1,1,1505394408,1505399559,0
CDMA,316,7,9,1005,-1,-77.319473,38.844425,1000,1,1,1505394408,1505399559,0
CDMA,316,7,9,1001,-1,-77.319473,38.844265,1000,1,1,1505394409,1505399560,0
CDMA,316,7,2,4986,-1,-74.242737,39.559204,1000,3,1,1505411874,1505416853,0
CDMA,316,7,2,4730,-1,-74.262501,39.560406,3399,3,1,1505412119,1505417050,0
CDMA,316,7,3,560,-1,-93.196602,30.300753,1000,1,1,1505412572,1505417520,0
CDMA,316,7,3,304,-1,-93.196602,30.300753,1000,1,1,1505412572,1505417520,0
CDMA,316,7,3,832,-1,-93.257614,30.239534,1000,1,1,1505413715,1505418250,0
CDMA,316,7,2,644,-1,-74.242788,39.559085,1000,3,1,1505415668,1505419533,0
CDMA,316,7,3,12636,-1,-93.284813,30.877226,1000,1,1,1505416842,1505420166,0
CDMA,316,7,3,12893,-1,-93.284813,30.877226,1000,1,1,1505416843,1505420167,0
CDMA,316,7,3,12641,-1,-93.204201,31.710445,1000,1,1,1505417054,1505420273,0
CDMA,316,7,3,12897,-1,-93.259644,31.161694,1000,1,1,1505417060,1505420276,0
CDMA,316,7,3,12640,-1,-93.259644,31.161694,1000,1,1,1505417060,1505420276,0
CDMA,316,7,3,831,-1,-93.226822,30.200779,1000,1,1,1505417727,1505420663,0
CDMA,316,7,3,561,-1,-93.199425,30.302034,1000,1,1,1505418063,1505420943,0
CDMA,316,7,3,817,-1,-93.199226,30.301994,1000,1,1,1505418065,1505420943,0
CDMA,316,7,1,4641,-1,-84.603172,36.341015,1000,1,1,1505421507,1505423113,0
CDMA,316,7,1,8750,-1,-84.557794,36.4274,10429,2,1,1505421510,1505423114,0
CDMA,316,7,1,4385,-1,-84.516518,36.498806,1000,1,1,1505422713,1505423961,0
CDMA,316,7,1,4897,-1,-84.605339,36.337936,1000,1,1,1505423406,1505424541,0
CDMA,316,7,1,8590,-1,-84.917839,36.39259,1000,1,1,1505423414,1505424549,0
CDMA,316,7,4,5100,-1,-85.063072,36.099888,1000,1,1,1505423440,1505424569,0
CDMA,316,7,4,4485,-1,-85.063072,36.099888,1000,1,1,1505423440,1505424569,0
CDMA,316,7,4,4541,-1,-85.063072,36.099888,1000,1,1,1505423443,1505424571,0
CDMA,316,7,4,4741,-1,-85.063072,36.099888,1000,1,1,1505423443,1505424571,0
CDMA,316,7,3,816,-1,-93.220383,30.308002,1000,1,1,1505426693,1505427198,0
CDMA,316,7,3,299,-1,-93.237579,30.300728,1000,1,1,1505432518,1505432578,0
CDMA,316,7,3,305,-1,-93.215477,30.318106,1000,1,1,1505433526,1505433587,0
CDMA,316,7,3,557,-1,-93.222176,30.325171,1000,1,1,1505434585,1505434647,0
CDMA,316,7,5,375,-1,-80.860527,39.645306,1000,1,1,1505436327,1505436387,0
CDMA,316,7,3,9206,-1,-82.228699,28.553904,1000,1,1,1505437188,1505437282,0
CDMA,316,7,4,12703,-1,-85.808937,35.220058,1000,1,1,1505438182,1505438251,0
CDMA,316,7,4,4707,-1,-86.183907,35.365559,1000,1,1,1505438378,1505438438,0
CDMA,316,7,4,4993,-1,-86.183907,35.365559,1000,1,1,1505438379,1505438439,0
CDMA,316,7,4,4721,-1,-85.966019,35.401794,1000,1,1,1505438948,1505439008,0
CDMA,316,7,4,4465,-1,-85.976875,35.379375,1000,1,1,1505438977,1505439037,0
CDMA,316,7,4,4466,-1,-85.958069,35.359409,1000,1,1,1505439113,1505439173,0
CDMA,316,7,3,575,-1,-93.219109,30.193937,1000,1,1,1505439495,1505439555,0
CDMA,316,7,3,302,-1,-93.251053,30.318005,1000,1,1,1505440107,1505440167,0
CDMA,316,7,3,818,-1,-93.221054,30.347542,1000,1,1,1505440241,1505440301,0
CDMA,316,7,3,820,-1,-93.195946,30.300997,1000,1,1,1505440276,1505440336,0
CDMA,316,7,3,580,-1,-93.12886,30.176573,1000,1,1,1505440520,1505440580,0
CDMA,316,7,3,577,-1,-93.229691,30.153902,1000,1,1,1505440859,1505440919,0
CDMA,316,7,3,576,-1,-93.229691,30.153902,1000,1,1,1505440859,1505440919,0
CDMA,316,7,3,584,-1,-93.229691,30.153902,1000,1,1,1505440860,1505440920,0
CDMA,316,7,3,308,-1,-93.144409,30.245195,1000,1,1,1505440941,1505441001,0
CDMA,316,7,3,574,-1,-93.11599,30.158178,1000,1,1,1505440948,1505441008,0
CDMA,316,7,3,573,-1,-93.118614,30.162886,1000,1,1,1505440952,1505441012,0
CDMA,316,7,3,838,-1,-93.119965,30.157314,1000,1,1,1505441366,1505441426,0
CDMA,316,7,3,324,-1,-93.119965,30.157314,1000,1,1,1505441366,1505441426,0
CDMA,316,7,3,564,-1,-93.119965,30.157314,1000,1,1,1505441367,1505441427,0
CDMA,316,7,5,5034,-1,-98.436714,29.495108,1000,1,1,1505445455,1505445528,0
CDMA,316,7,5,4522,-1,-98.436714,29.495108,1000,1,1,1505445455,1505445528,0
CDMA,316,7,5,263,-1,-98.593697,29.532255,1000,1,1,1505445707,1505445838,0
CDMA,316,7,1,723,-1,-116.487335,43.698067,1000,1,1,1505446620,1505446684,0
CDMA,316,7,4,12992,-1,-122.301312,37.895119,1000,2,1,1505466506,1505466566,0
CDMA,316,7,4,12736,-1,-122.301316,37.895123,1000,2,1,1505470659,1505470726,0
CDMA,316,7,3,6665,0,-103.093647,40.69419,20534,776,1,1505479436,1512391017,0
CDMA,316,7,3,7001,-1,-103.118462,40.682064,18675,15,1,1505479466,1512561489,0
CDMA,316,7,3,6681,0,-103.081525,40.701585,19227,824,1,1505479470,1512577541,0
CDMA,316,7,3,7002,-1,-103.126364,40.681019,23624,25,1,1505479672,1512576401,0
CDMA,316,7,3,6682,-1,-103.064176,40.707728,14571,48,1,1505479698,1512391309,0
CDMA,316,7,1,298,-1,-97.679176,46.559921,1000,1,1,1505491040,1505491100,0
CDMA,316,7,1,560,-1,-97.679024,46.538898,1000,1,1,1505492830,1505492890,0
CDMA,316,7,1,810,-1,-97.679024,46.538898,1000,1,1,1505492830,1505492890,0
CDMA,316,7,1,720,-1,-96.808022,46.857624,1000,1,1,1505493232,1505493292,0
CDMA,316,7,1,300,-1,-97.679115,46.472412,1000,1,1,1505493685,1505493745,0
CDMA,316,7,7,4991,-1,-95.847649,32.621655,1000,1,1,1505499968,1505500028,0
CDMA,316,7,7,4468,-1,-95.850479,32.605076,1000,1,1,1505499968,1505500028,0
CDMA,316,7,1,4876,-1,-116.646736,43.8955,1000,2,1,1505504510,1505504570,0
CDMA,316,7,1,4613,-1,-116.646736,43.8955,1000,1,1,1505504517,1505504577,0
CDMA,316,7,1,4873,-1,-116.579464,43.879004,5704,2,1,1505504604,1505504664,0
CDMA,316,7,1,4356,-1,-116.816376,43.909019,1000,1,1,1505504888,1505504948,0
CDMA,316,7,1,565,-1,-116.512192,43.862282,1000,1,1,1505505347,1505505407,0
CDMA,316,7,1,4877,-1,-116.646713,43.89558,1000,1,1,1505505658,1505505718,0
CDMA,316,7,1,4753,-1,-116.964038,44.049697,3867,2,1,1505506446,1505506506,0
CDMA,316,7,1,5008,-1,-116.997437,44.024544,1000,1,1,1505506446,1505506506,0
CDMA,316,7,1,4496,-1,-116.997437,44.024544,1000,1,1,1505506448,1505506508,0
CDMA,316,7,1,4978,-1,-94.194801,42.684631,1000,1,1,1505508236,1505508296,0
CDMA,316,7,1,4695,-1,-94.363892,42.450001,1000,1,1,1505508240,1505508300,0
CDMA,316,7,1,4951,-1,-94.171738,42.569885,1000,1,1,1505508240,1505508300,0
CDMA,316,7,1,4460,-1,-94.207726,42.50808,1000,1,1,1505508243,1505508303,0
CDMA,316,7,1,4455,-1,-94.33522,42.481277,1000,1,1,1505508285,1505508347,0
CDMA,316,7,2,4018,-1,-104.685715,40.427433,1000,1,1,1505511496,1505511556,0
CDMA,316,7,2,4017,-1,-104.685852,40.427444,1000,1,1,1505511517,1505511577,0
CDMA,316,7,2,5209,-1,-104.685898,40.427416,1000,2,1,1505517010,1505517070,0
CDMA,316,7,3,971,-1,-72.719017,42.105515,1000,1,1,1507758737,1507758737,0
CDMA,316,7,3,973,-1,-72.543968,42.147583,1000,1,1,1508173639,1508173639,0
CDMA,316,11,1,0,-1,-94.577332,31.287064,1000,1,1,1509331729,1509331729,0
CDMA,316,7,1,8623,-1,-94.577377,31.287081,1000,2,1,1509331732,1509331978,0
CDMA,316,7,1,8719,-1,-94.573891,31.281879,1000,2,1,1509332213,1509333493,0
CDMA,316,11,1,8623,-1,-94.577334,31.287079,1000,3,1,1509337197,1509348692,0
CDMA,316,7,1,0,-1,-94.5774,31.287109,1000,1,1,1509348397,1509348397,0
CDMA,316,7,1,49601,-1,-94.577309,31.287104,1000,1,1,1509348777,1509348777,0
CDMA,316,65,1,8623,-1,-94.577377,31.287094,1000,1,1,1509349349,1509349349,0
CDMA,316,65,1,8719,-1,-94.583,31.279856,1000,1,1,1509353823,1509353823,0
CDMA,316,65,1,49601,-1,-94.583,31.279856,1000,1,1,1509353943,1509353943,0
CDMA,316,7,1,8477,-1,-94.701935,31.319662,1000,2,1,1509383483,1509383519,0
CDMA,316,7,1,8732,-1,-94.703934,31.322252,1000,2,1,1509383498,1509383593,0
CDMA,316,11,1,8477,-1,-94.70195,31.319618,1000,1,1,1509384689,1509384689,0
CDMA,316,7,1,8975,-1,-94.701927,31.319618,1000,1,1,1509386573,1509386573,0
CDMA,316,7,173,121,-1,-82.275925,34.968605,1000,1,1,1512060701,1512060701,0
CDMA,316,7,1,4682,-1,-90.320312,41.434799,1000,1,1,1512339212,1512339212,0
CDMA,316,7,3,6737,-1,-102.62011,40.873913,1000,1,1,1512390293,1512390293,0
CDMA,316,7,3,6745,-1,-103.260483,40.51738,1000,1,1,1512392450,1512392450,0
CDMA,316,7,3,6683,-1,-103.260483,40.51738,1000,1,1,1512392453,1512392453,0
CDMA,316,7,3,6673,-1,-103.260483,40.51738,1000,1,1,1512392462,1512392462,0
CDMA,316,7,3,6658,-1,-103.328087,40.447102,1000,1,1,1512393414,1512393414,0
CDMA,316,7,3,6793,-1,-103.328087,40.447102,1000,1,1,1512393437,1512393437,0
CDMA,316,7,3,6657,-1,-103.926166,40.245746,11536,2,1,1512394700,1512394901,0
CDMA,316,7,3,6753,-1,-103.790405,40.250916,1000,2,1,1512394728,1512394827,0
CDMA,316,7,2,3962,-1,-104.061905,40.240417,1000,1,1,1512395629,1512395629,0
CDMA,316,7,2,5177,-1,-104.215256,40.215603,1000,1,1,1512395651,1512395651,0
CDMA,316,7,3,2721,-1,-105.334976,39.705406,1000,1,1,1512400554,1512400554,0
CDMA,316,7,3,1547,-1,-105.624702,39.765255,1000,1,1,1512401785,1512401785,0
CDMA,316,7,3,1545,-1,-105.624702,39.765255,1000,1,1,1512401794,1512401794,0
CDMA,316,7,3,1298,-1,-105.894203,39.682278,1000,1,1,1512403050,1512403050,0
CDMA,316,7,3,1299,-1,-105.975807,39.666641,1000,1,1,1512403625,1512403625,0
CDMA,316,7,3,1441,-1,-105.975807,39.666641,1000,1,1,1512403711,1512403711,0
CDMA,316,7,3,1450,-1,-105.975807,39.666641,1000,1,1,1512403714,1512403714,0
CDMA,316,7,3,1449,-1,-106.017548,39.598682,1000,1,1,1512403723,1512403723,0
CDMA,316,7,3,1497,-1,-106.120811,39.559978,1000,1,1,1512405380,1512405380,0
CDMA,316,7,3,1401,-1,-106.247154,39.581123,1000,1,1,1512407538,1512407538,0
CDMA,316,7,3,1393,-1,-106.946892,39.645851,1000,1,1,1512412643,1512412643,0
CDMA,316,7,3,1529,-1,-106.946892,39.645851,1000,1,1,1512412654,1512412654,0
CDMA,316,7,3,1377,-1,-106.88839,39.648682,1000,1,1,1512412657,1512412657,0
CDMA,316,7,3,1537,-1,-107.271019,39.56258,1000,1,1,1512414180,1512414180,0
CDMA,316,7,3,5651,-1,-108.253578,39.255844,1000,1,1,1512417578,1512417578,0
CDMA,316,7,3,5801,-1,-108.267052,39.20602,1000,1,1,1512417602,1512417602,0
CDMA,316,7,3,4265,-1,-108.290958,39.173346,4177,2,1,1512418133,1512418222,0
CDMA,316,7,3,5802,-1,-108.314842,39.140667,1000,1,1,1512418289,1512418289,0
CDMA,316,7,2,4972,-1,-109.194588,39.105385,1000,1,1,1512420900,1512420900,0
CDMA,316,7,2,4462,-1,-109.194588,39.105385,1000,1,1,1512420912,1512420912,0
CDMA,316,7,2,4454,-1,-109.731832,38.863717,10484,2,1,1512422517,1512422580,0
CDMA,316,7,2,4707,-1,-109.979897,38.92588,1000,2,1,1512423332,1512423336,0
CDMA,316,7,2,4966,-1,-110.071136,38.96114,1000,2,1,1512424752,1512424780,0
CDMA,316,7,2,4451,-1,-110.071136,38.96114,1000,1,1,1512424756,1512424756,0
CDMA,316,7,2,4963,-1,-110.071136,38.96114,1000,1,1,1512424759,1512424759,0
CDMA,316,7,2,4453,-1,-110.071136,38.96114,1000,1,1,1512424784,1512424784,0
CDMA,316,7,2,4706,-1,-110.449509,38.927849,1000,1,1,1512424952,1512424952,0
CDMA,316,7,2,470,-1,-111.133217,39.088924,1000,2,1,1512425618,1512425629,0
CDMA,316,7,2,726,-1,-111.397283,38.7613,2934,2,1,1512427257,1512427477,0
CDMA,316,7,2,4459,-1,-111.363602,38.763851,1000,1,1,1512427346,1512427346,0
CDMA,316,7,2,982,-1,-111.430962,38.758739,1000,1,1,1512427609,1512427609,0
CDMA,316,7,2,465,-1,-111.852913,38.934746,1000,1,1,1512429064,1512429064,0
CDMA,316,7,2,723,-1,-112.461258,38.573872,1000,1,1,1512432416,1512432416,0
CDMA,316,7,2,4399,-1,-112.639847,38.192104,1000,1,1,1512434608,1512434608,0
CDMA,316,7,2,4915,-1,-113.072464,37.663139,1000,1,1,1512437391,1512437391,0
CDMA,316,7,2,4659,-1,-113.072464,37.663139,1000,1,1,1512437423,1512437423,0
CDMA,316,7,2,4404,-1,-113.086411,37.653538,1000,1,1,1512437486,1512437486,0
CDMA,316,7,2,4678,-1,-113.26416,37.357513,1000,1,1,1512438718,1512438718,0
CDMA,316,7,2,4934,-1,-113.26416,37.357513,1000,1,1,1512438722,1512438722,0
CDMA,316,7,2,4931,-1,-113.602341,37.041286,1000,1,1,1512440910,1512440910,0
CDMA,316,7,3,7003,-1,-103.231529,40.622618,1000,3,1,1512537415,1512549584,0
CDMA,316,7,3,0,-1,-103.23155,40.622617,1000,3,1,1512549582,1512561493,0
CDMA,316,7,4,759,-1,-71.369514,42.27153,1000,1,1,1513223106,1513223106,0
CDMA,316,7,4,503,-1,-71.369576,42.27166,1000,1,1,1513223243,1513223243,0
CDMA,316,7,4,757,-1,-71.369614,42.2715,1000,1,1,1513226887,1513226887,0
UMTS,316,10,30591,40118541,0,-84.371239,33.821705,1000,1,1,1513770077,1513770077,0
UMTS,316,10,30591,16883459,0,-84.371239,33.821686,1000,1,1,1513771871,1513771871,0
UMTS,316,10,30591,39887883,0,-84.371254,33.821705,1000,1,1,1513882519,1513882519,0
UMTS,316,10,30591,16861441,0,-84.371254,33.821701,1000,1,1,1513895690,1513895690,0
CDMA,316,7,2,5178,-1,-104.632973,39.951633,1000,1,1,1515028166,1515028166,0
CDMA,316,7,4,4475,-1,-73.920486,42.802116,1000,1,1,1525665261,1525665261,0
CDMA,316,7,4,473,-1,-73.920494,42.802094,1000,2,1,1525665296,1525666220,0
LTE,316,7,174,5545,0,-82.698868,35.544029,1000,1,1,1530077755,1530077755,0
LTE,316,7,4,13020,0,-85.259606,35.042159,1000,7,1,1530208609,1530209469,0
LTE,316,7,4,12725,0,-85.25944,35.041897,1000,17,1,1530208612,1530209393,0
LTE,316,7,4,12963,0,-85.259021,35.042417,1000,12,1,1530208624,1530209387,0
LTE,316,7,4,13022,0,-85.259438,35.039631,1000,2,1,1530209293,1530209311,0
CDMA,316,7,4,12698,0,-85.289284,35.119213,1000,2,1,1530221557,1530221743,0
LTE,316,7,4,12667,0,-85.289284,35.119213,1000,1,1,1530221616,1530221616,0
CDMA,316,7,4,12670,-1,-85.289284,35.119213,1000,1,1,1530221750,1530221750,0
LTE,316,7,4,13218,-1,-85.289284,35.119213,1000,2,1,1530221797,1530221856,0
LTE,316,7,4,12706,0,-85.289284,35.119213,1000,1,1,1530221977,1530221977,0
CDMA,316,7,5,6035,-1,-123.822891,40.119251,1000,1,1,1530300093,1530300093,0
LTE,316,7,7,695,0,-75.00164,40.377987,1000,1,1,1530976475,1530976475,0
LTE,316,7,6,319,0,-75.00164,40.377987,1000,1,1,1530976484,1530976484,0
LTE,316,7,6,757,0,-75.001724,40.37801,1000,1,1,1530987748,1530987748,0
LTE,316,7,6,800,0,-75.00164,40.378017,1000,1,1,1530988752,1530988752,0
LTE,316,7,7,4900,0,-74.964813,40.364681,1000,1,1,1530993671,1530993671,0
LTE,316,0,1,542,0,-97.628707,35.485988,6197,16,1,1531001918,1531586301,0
LTE,316,0,1,378,0,-97.628956,35.477498,5322,121,1,1531001946,1531638280,0
LTE,316,0,1,802,0,-97.606247,35.48692,4672,23,1,1531002019,1531479116,0
LTE,316,0,1,784,0,-97.618126,35.476289,8517,66,1,1531002178,1531641617,0
LTE,316,7,7,439,0,-74.997223,40.384254,1000,1,1,1531002990,1531002990,0
LTE,316,7,6,691,0,-74.997223,40.384254,1000,1,1,1531003011,1531003011,0
LTE,316,0,1,644,0,-97.627655,35.511054,3836,6,1,1531003643,1531510156,0
LTE,316,0,1,534,0,-97.630631,35.538333,5611,9,1,1531003649,1531509329,0
LTE,316,7,7,677,0,-75.036064,40.412319,1000,1,1,1531004040,1531004040,0
LTE,316,0,1,869,0,-97.627537,35.525149,1000,2,1,1531004187,1531504427,0
LTE,316,0,1,388,0,-97.627958,35.546987,2483,6,1,1531004248,1531509261,0
LTE,316,0,1,285,0,-97.628884,35.47701,5270,97,1,1531005062,1531627721,0
LTE,316,0,1,613,0,-97.605627,35.497072,4980,8,1,1531006951,1531478808,0
LTE,316,0,1,286,0,-97.628236,35.526871,2994,4,1,1531007639,1531510206,0
LTE,316,0,1,358,0,-97.609453,35.466929,7230,17,1,1531010044,1531641484,0
LTE,316,0,1,806,0,-97.615047,35.469075,5871,6,1,1531010048,1531550285,0
LTE,316,0,1,870,0,-97.624876,35.473394,3105,17,1,1531010591,1531633419,0
LTE,316,0,1,614,0,-97.606796,35.453311,5791,10,1,1531010607,1531633351,0
LTE,316,0,1,791,0,-97.536598,35.494568,4794,2,1,1531014666,1531014922,0
LTE,316,0,1,623,0,-97.589516,35.496017,1000,1,1,1531014731,1531014731,0
LTE,316,0,1,535,0,-97.474563,35.48801,1001,2,1,1531014969,1531015089,0
LTE,316,0,1,257,0,-97.465446,35.482925,1000,1,1,1531015087,1531015087,0
LTE,316,0,1,296,0,-97.465446,35.482925,1000,1,1,1531015113,1531015113,0
LTE,316,0,1,552,0,-97.465446,35.482925,1000,1,1,1531015190,1531015190,0
LTE,316,0,1,297,0,-97.465446,35.482925,1000,1,1,1531015230,1531015230,0
LTE,316,0,1,769,0,-97.465446,35.482925,1000,1,1,1531015294,1531015294,0
LTE,316,0,1,553,0,-97.489143,35.439053,1000,1,1,1531015373,1531015373,0
LTE,316,0,1,809,0,-97.50489,35.439545,1000,1,1,1531015701,1531015701,0
LTE,316,0,1,551,0,-97.512749,35.453526,1000,1,1,1531016311,1531016311,0
LTE,316,0,1,284,0,-97.512749,35.453526,1000,1,1,1531016331,1531016331,0
LTE,316,0,1,885,0,-97.524391,35.436539,1000,1,1,1531017080,1531017080,0
LTE,316,0,1,792,0,-97.516523,35.414847,2515,2,1,1531017120,1531018820,0
LTE,316,0,1,375,0,-97.524391,35.436539,1000,1,1,1531017129,1531017129,0
LTE,316,0,1,631,0,-97.515699,35.41457,2567,2,1,1531017135,1531017839,0
LTE,316,0,1,425,0,-97.501663,35.398598,1000,2,1,1531017204,1531018845,0
LTE,316,0,1,307,0,-97.500839,35.398321,1000,2,1,1531017221,1531017901,0
LTE,316,0,1,376,0,-97.528374,35.392298,1937,4,1,1531017801,1531471713,0
LTE,316,0,1,659,0,-97.490218,35.343774,5128,3,1,1531019347,1531020022,0
LTE,316,0,1,423,0,-97.490177,35.343812,5124,3,1,1531019510,1531020194,0
LTE,316,0,1,915,0,-97.487623,35.320399,1000,4,1,1531019574,1531020388,0
LTE,316,0,1,567,0,-97.487457,35.319309,1000,1,1,1531020432,1531020432,0
LTE,316,7,6,576,0,-75.00164,40.377975,1000,1,1,1531031509,1531031509,0
LTE,316,0,1,290,0,-97.56378,35.508891,6570,4,1,1531039319,1531063701,0
LTE,316,0,1,546,0,-97.577735,35.503872,1971,3,1,1531039523,1531062972,0
LTE,316,0,1,645,0,-97.552695,35.49975,6262,4,1,1531039651,1531063045,0
LTE,316,0,1,814,0,-97.537851,35.515877,4134,2,1,1531039697,1531044875,0
LTE,316,0,1,350,0,-97.493287,35.52431,5892,4,1,1531040606,1531042187,0
LTE,316,0,1,606,0,-97.500207,35.523027,5250,3,1,1531040710,1531041896,0
LTE,316,0,1,862,0,-97.482453,35.535926,1459,2,1,1531044607,1531044756,0
LTE,316,0,1,303,0,-97.466393,35.537083,1000,1,1,1531044677,1531044677,0
LTE,316,0,1,389,0,-97.498512,35.534767,1000,1,1,1531044748,1531044748,0
LTE,316,0,1,545,0,-97.498512,35.534767,1000,1,1,1531044751,1531044751,0
LTE,316,0,1,815,0,-97.498512,35.534767,1000,1,1,1531044755,1531044755,0
LTE,316,0,1,302,0,-97.498512,35.534767,1000,1,1,1531044854,1531044854,0
LTE,316,0,1,642,0,-97.498512,35.534767,1000,1,1,1531044943,1531044943,0
LTE,316,0,1,818,0,-97.591884,35.477914,3883,10,1,1531045106,1531641323,0
LTE,316,0,1,796,0,-97.614247,35.477442,4915,6,1,1531045114,1531609225,0
LTE,316,0,1,272,0,-97.571464,35.477936,3258,4,1,1531045123,1531477448,0
LTE,316,7,6,262,0,-74.857956,40.493179,1000,1,1,1531056931,1531056931,0
LTE,316,0,1,634,0,-97.631313,35.472997,2718,9,1,1531059544,1531633547,0
LTE,316,7,6,1013,0,-74.857574,40.493073,1000,1,1,1531061740,1531061740,0
LTE,316,0,1,787,0,-97.561707,35.508141,1000,1,1,1531062975,1531062975,0
LTE,316,7,6,435,0,-74.982544,40.401237,1000,1,1,1531069463,1531069463,0
LTE,316,0,1,294,0,-97.586139,35.435462,8087,9,1,1531080114,1531633140,0
LTE,316,0,1,550,0,-97.585991,35.425907,3950,3,1,1531080684,1531476410,0
LTE,316,0,1,528,0,-97.590544,35.449759,6371,12,1,1531080705,1531633324,0
LTE,316,0,1,385,0,-97.595102,35.445315,1682,2,1,1531082374,1531560886,0
CDMA,316,7,7,4967,0,-75.060997,40.324451,1000,2,1,1531082396,1531082915,0
LTE,316,7,7,4455,0,-75.061119,40.32439,1000,1,1,1531082401,1531082401,0
LTE,316,7,7,4711,0,-74.948494,40.234638,1000,1,1,1531088167,1531088167,0
CDMA,316,7,7,4644,0,-74.970049,40.328924,3830,2,1,1531088637,1531336706,0
LTE,316,0,1,391,0,-97.623978,35.461941,1000,1,1,1531089508,1531089508,0
LTE,316,7,2,953,0,-75.030014,40.348045,1000,1,1,1531141477,1531141477,0
LTE,316,7,7,4388,0,-75.001778,40.377983,1000,1,1,1531167390,1531167390,0
LTE,316,7,7,951,0,-75.001831,40.377678,1000,1,1,1531233479,1531233479,0
CDMA,316,7,7,421,0,-74.982368,40.364651,1000,2,1,1531239050,1531239054,0
LTE,316,7,6,762,0,-75.07328,40.528843,1000,1,1,1531241472,1531241472,0
LTE,316,7,6,546,0,-75.078072,40.546032,1000,1,1,1531244296,1531244296,0
LTE,316,7,7,284,0,-74.949791,40.359711,1000,1,1,1531336886,1531336886,0
CDMA,316,7,2,4885,-1,-74.89695,40.301968,1000,1,1,1531337128,1531337128,0
CDMA,316,7,7,729,-1,-74.839577,40.242386,1000,1,1,1531337918,1531337918,0
CDMA,316,7,7,359,0,-74.833939,40.206972,1233,3,1,1531338370,1531424358,0
CDMA,316,7,2,4895,-1,-74.841004,40.205743,1232,3,1,1531338505,1531415240,0
CDMA,316,7,2,4629,-1,-74.848228,40.204472,1000,1,1,1531342716,1531342716,0
CDMA,316,7,2,4899,0,-74.847523,40.204668,1000,2,1,1531343388,1531413439,0
LTE,316,7,7,4949,0,-74.97187,40.125149,1000,1,1,1531344312,1531344312,0
LTE,316,7,7,4694,0,-74.979393,40.129509,1000,1,1,1531344521,1531344521,0
LTE,316,7,7,4438,0,-74.979393,40.129509,1000,1,1,1531344527,1531344527,0
LTE,316,7,7,936,0,-74.985153,40.097759,1000,1,1,1531344782,1531344782,0
LTE,316,7,5,4992,0,-74.96624,40.079296,1000,1,1,1531344906,1531344906,0
LTE,316,7,5,354,0,-75.244263,39.884579,1000,1,1,1531346776,1531346776,0
LTE,316,7,5,866,0,-75.246483,39.878784,1000,1,1,1531347644,1531347644,0
LTE,316,7,5,4662,0,-75.246483,39.878784,1000,1,1,1531347650,1531347650,0
LTE,316,0,1,874,0,-97.612147,35.461581,8274,14,1,1531370059,1531629626,0
LTE,316,0,1,361,0,-97.586194,35.433656,7887,8,1,1531370358,1531633050,0
LTE,316,0,1,618,0,-97.589322,35.436759,8250,6,1,1531370465,1531633153,0
LTE,316,0,1,888,0,-97.570007,35.43512,1000,1,1,1531370688,1531370688,0
LTE,316,0,1,540,0,-97.570771,35.409372,1707,2,1,1531370690,1531476460,0
LTE,316,0,1,362,0,-97.569275,35.460049,1377,3,1,1531372475,1531477428,0
LTE,316,0,1,562,0,-97.586428,35.437602,8326,7,1,1531372729,1531633142,0
LTE,316,7,7,540,0,-74.933395,40.32856,1000,1,1,1531407578,1531407578,0
LTE,316,7,2,729,0,-74.851761,40.251453,1000,1,1,1531408090,1531408090,0
LTE,316,7,7,871,0,-74.848206,40.204475,1000,1,1,1531410058,1531410058,0
CDMA,316,7,2,4901,-1,-74.848206,40.204426,1000,1,1,1531413105,1531413105,0
CDMA,316,7,7,980,-1,-74.848175,40.20451,1000,1,1,1531420148,1531420148,0
LTE,316,7,2,1018,0,-74.84819,40.204502,1000,1,1,1531422191,1531422191,0
LTE,316,7,2,797,-1,-74.848232,40.204478,1000,2,1,1531425951,1531430652,0
LTE,316,0,1,873,0,-97.583147,35.406256,1604,2,1,1531464305,1531476323,0
LTE,316,0,1,617,0,-97.589266,35.379328,4349,2,1,1531464338,1531476242,0
LTE,316,0,1,770,0,-97.559743,35.411647,3090,2,1,1531464449,1531472075,0
LTE,316,0,1,258,0,-97.564063,35.405334,2981,2,1,1531464464,1531468356,0
LTE,316,0,1,819,0,-97.554576,35.400935,3970,3,1,1531464474,1531470818,0
LTE,316,0,1,937,0,-97.535698,35.392139,1000,1,1,1531468320,1531468320,0
LTE,316,0,1,514,0,-97.526657,35.404953,1000,1,1,1531472140,1531472140,0
LTE,316,0,1,654,0,-97.526657,35.404953,1000,1,1,1531472320,1531472320,0
LTE,316,0,1,398,0,-97.582228,35.329589,3763,3,1,1531472412,1531632833,0
LTE,316,0,1,910,0,-97.587375,35.314466,4580,3,1,1531472479,1531632785,0
LTE,316,0,1,298,0,-97.587375,35.314466,4580,3,1,1531472560,1531632780,0
LTE,316,0,1,900,0,-97.64007,35.53076,4806,4,1,1531498845,1531510038,0
LTE,316,0,1,812,0,-97.642047,35.538192,5637,4,1,1531498907,1531510034,0
LTE,316,0,1,668,0,-97.631543,35.54377,6289,9,1,1531498912,1531509335,0
LTE,316,0,1,898,0,-97.621536,35.550583,1000,1,1,1531501079,1531501079,0
LTE,316,0,1,412,0,-97.645166,35.555832,2216,3,1,1531501195,1531503078,0
LTE,316,0,1,790,0,-97.657097,35.559401,1000,2,1,1531501329,1531503070,0
LTE,316,0,1,924,0,-97.656994,35.558432,1000,2,1,1531502399,1531503169,0
LTE,316,0,1,554,0,-97.601257,35.299515,1000,1,1,1531632688,1531632688,0
LTE,316,0,1,304,0,-97.601257,35.299515,1000,1,1,1531632741,1531632741,0
LTE,316,7,1,2425,0,-123.061737,43.802113,1000,1,1,1532394502,1532394502,0
LTE,316,7,1,2427,0,-123.061737,43.802113,1000,1,1,1532394583,1532394583,0
LTE,316,7,1,2426,0,-123.031319,43.791252,1000,1,1,1532455061,1532455061,0
LTE,316,7,1,2666,0,-123.048256,43.802162,1000,1,1,1532503616,1532503616,0
LTE,316,7,1,2667,0,-123.019211,43.915688,1000,1,1,1532511843,1532511843,0
LTE,316,7,1,2459,0,-123.025749,43.926899,1000,1,1,1532514898,1532514898,0
LTE,316,7,1,2594,0,-123.032768,43.923851,1000,1,1,1532517466,1532517466,0
LTE,316,7,1,2641,-1,-123.211534,43.843521,5485,2,1,1532518711,1532520138,0
CDMA,316,7,1,2642,-1,-123.232361,43.873943,1000,1,1,1532518942,1532518942,0
LTE,316,7,1,13019,0,-123.227219,43.796444,1000,1,1,1532519445,1532519445,0
LTE,316,7,1,2522,0,-123.246078,43.918015,1000,1,1,1532520750,1532520750,0
LTE,316,7,1,2411,0,-123.186546,43.980194,1000,1,1,1532520876,1532520876,0
CDMA,316,7,4,4694,-1,-74.960106,40.982918,1000,2,1,1532612461,1532740631,0
CDMA,316,7,4,4722,-1,-74.960106,40.982916,1000,2,1,1532612647,1532740651,0
CDMA,316,7,4,4977,-1,-74.960106,40.982918,1000,2,1,1532612704,1532740596,0
LTE,316,7,3,4194,0,-104.676254,38.860783,1000,1,1,1534103813,1534103813,0
LTE,316,7,3,2419,0,-104.676643,38.860821,1000,1,1,1534109669,1534109669,0
LTE,316,7,3,7082,0,-104.677399,38.860706,1000,1,1,1534109966,1534109966,0
LTE,316,7,3,15179,0,-104.682419,38.861782,1000,1,1,1534110023,1534110023,0
LTE,316,7,3,4091,0,-104.68766,38.866364,1000,1,1,1534110100,1534110100,0
LTE,316,7,3,7081,0,-104.703331,38.887878,1000,1,1,1534110227,1534110227,0
LTE,316,7,3,7083,0,-104.714699,38.885056,1000,1,1,1534110407,1534110407,0
LTE,316,7,3,2826,0,-104.723091,38.885227,1000,1,1,1534110566,1534110566,0
LTE,316,7,3,2827,0,-104.754654,38.882545,1000,1,1,1534110694,1534110694,0
LTE,316,7,3,2825,0,-104.758194,38.893734,1000,1,1,1534110843,1534110843,0
LTE,316,7,3,5290,0,-104.760048,38.89563,1000,1,1,1534111744,1534111744,0
CDMA,316,7,3,2801,-1,-104.760994,38.91164,1000,1,1,1534111911,1534111911,0
CDMA,316,7,3,5498,-1,-104.760994,38.91164,1000,1,1,1534111929,1534111929,0
CDMA,316,7,3,2442,-1,-104.760994,38.91164,1000,1,1,1534111932,1534111932,0
CDMA,316,7,3,1650,-1,-104.765694,38.918777,1000,1,1,1534111948,1534111948,0
CDMA,316,7,3,5738,-1,-104.765694,38.918777,1000,1,1,1534111964,1534111964,0
CDMA,316,7,3,1649,-1,-104.765694,38.918777,1000,1,1,1534111969,1534111969,0
CDMA,316,7,3,6962,-1,-104.774155,38.933201,1000,1,1,1534112159,1534112159,0
LTE,316,7,3,5737,-1,-104.778294,38.930071,1000,2,1,1534112169,1534112309,0
LTE,316,7,3,6954,-1,-104.782086,38.927767,1000,2,1,1534112175,1534112327,0
LTE,316,7,3,1651,0,-104.775261,38.92458,1000,1,1,1534123858,1534123858,0
LTE,316,7,3,2761,0,-104.775352,38.919231,1000,1,1,1534123889,1534123889,0
LTE,316,7,3,2762,0,-104.775322,38.915524,1000,1,1,1534123909,1534123909,0
LTE,316,7,3,5289,0,-104.775269,38.913494,1000,1,1,1534123940,1534123940,0
LTE,316,7,3,5291,0,-104.779228,38.900906,1000,1,1,1534124040,1534124040,0
LTE,316,7,3,7185,0,-104.785614,38.891544,1000,1,1,1534124093,1534124093,0
LTE,316,7,3,7186,0,-104.786751,38.886978,1000,1,1,1534124119,1534124119,0
LTE,316,7,3,4201,0,-104.792122,38.882378,1000,1,1,1534124144,1534124144,0
LTE,316,7,3,4202,0,-104.795151,38.873798,1000,1,1,1534124197,1534124197,0
LTE,316,7,3,7017,0,-104.794273,38.864384,1000,1,1,1534124262,1534124262,0
LTE,316,7,3,7019,0,-104.794296,38.862228,1000,1,1,1534124284,1534124284,0
CDMA,316,7,3,2411,-1,-104.793037,38.817558,1000,1,1,1534124677,1534124677,0
CDMA,316,7,3,7633,-1,-104.793037,38.817558,1000,1,1,1534124685,1534124685,0
CDMA,316,7,3,1145,-1,-104.793037,38.817558,1000,1,1,1534124717,1534124717,0
CDMA,316,7,3,2409,-1,-104.793037,38.817558,1000,1,1,1534124728,1534124728,0
CDMA,316,7,3,7033,-1,-104.796501,38.819847,1000,1,1,1534124841,1534124841,0
CDMA,316,7,3,4745,-1,-104.802551,38.821091,1000,1,1,1534124847,1534124847,0
CDMA,316,7,3,4746,-1,-104.803581,38.821125,1000,1,1,1534124895,1534124895,0
CDMA,316,7,3,4099,-1,-104.812263,38.821411,1000,1,1,1534124958,1534124958,0
CDMA,316,7,3,4066,-1,-104.813217,38.821426,1000,1,1,1534124963,1534124963,0
LTE,316,7,2,925,0,-86.683807,40.702862,1000,1,1,1535084459,1535084459,0
CDMA,316,7,2,665,0,-86.688984,40.701807,1000,2,1,1535084542,1535112083,0
LTE,316,0,2,4537,0,-86.683807,40.702862,1000,1,1,1535084836,1535084836,0
LTE,316,7,2,391,0,-86.683807,40.702862,1000,1,1,1535085133,1535085133,0
LTE,316,7,2,5051,0,-86.683807,40.702862,1000,1,1,1535085234,1535085234,0
CDMA,316,7,2,921,0,-86.683807,40.702862,1000,2,1,1535086274,1535106856,0
LTE,316,7,2,4542,0,-86.70826,40.713997,1000,1,1,1535088325,1535088325,0
LTE,316,7,2,676,0,-86.683807,40.702862,1000,1,1,1535095960,1535095960,0
CDMA,316,7,2,674,0,-86.683807,40.702862,1000,2,1,1535097066,1535106986,0
LTE,316,7,2,4755,0,-86.683807,40.702862,1000,1,1,1535098357,1535098357,0
LTE,316,0,1,4755,0,-86.683807,40.702862,1000,1,1,1535100816,1535100816,0
LTE,316,0,2,925,0,-86.683807,40.702862,1000,1,1,1535104942,1535104942,0
CDMA,316,7,2,416,-1,-86.815033,40.744949,1000,1,1,1535107657,1535107657,0
LTE,316,7,2,418,0,-86.814751,40.756584,1000,1,1,1535108243,1535108243,0
LTE,316,7,2,409,0,-86.814751,40.756584,1000,1,1,1535108248,1535108248,0
CDMA,316,7,2,666,0,-86.725982,40.716887,3227,2,1,1535109062,1535112117,0
LTE,316,0,1,4371,0,-86.672081,40.577766,1000,1,1,1535110626,1535110626,0
LTE,316,7,2,672,0,-86.672081,40.577766,1000,1,1,1535111098,1535111098,0
LTE,316,0,2,4371,0,-86.672081,40.577766,1000,1,1,1535111212,1535111212,0
LTE,316,7,1,672,0,-86.672081,40.577766,1000,1,1,1535111227,1535111227,0
LTE,316,7,2,4537,0,-86.683807,40.702862,1000,1,1,1535115794,1535115794,0
LTE,316,7,1,4371,0,-86.71315,40.716221,1000,1,1,1535116607,1535116607,0
LTE,316,7,2,5049,0,-86.827522,40.59713,1000,1,1,1535151671,1535151671,0
LTE,316,7,2,379,0,-86.845474,40.461861,1000,1,1,1535152613,1535152613,0
CDMA,316,7,2,375,0,-86.869658,40.432975,3809,2,1,1535152659,1535182824,0
LTE,316,7,2,631,0,-86.898071,40.405228,1000,1,1,1535153267,1535153267,0
LTE,316,7,2,891,0,-86.890862,40.409809,1000,1,1,1535154492,1535154492,0
LTE,316,7,2,425,0,-86.890862,40.409809,1000,1,1,1535154794,1535154794,0
CDMA,316,7,2,897,-1,-86.886559,40.406384,1000,1,1,1535158651,1535158651,0
LTE,316,7,3,350,0,-86.609319,36.076381,1674,7,1,1536357833,1536432491,0
LTE,316,7,3,567,0,-86.608226,36.073649,1619,7,1,1536358429,1536432494,0
LTE,316,7,3,628,0,-86.611908,36.073085,1291,3,1,1536358905,1536359485,0
LTE,316,7,3,8810,0,-86.611284,36.075345,1463,4,1,1536358986,1536432499,0
CDMA,316,7,3,392,-1,-86.65078,36.088455,1000,1,1,1536424681,1536424681,0
LTE,316,7,3,8554,0,-86.609734,36.082237,1000,1,1,1536426779,1536426779,0
LTE,316,0,1,403,0,-97.466888,35.339787,1000,1,1,1543407269,1543407269,0
LTE,316,7,200,4514,0,-94.248245,34.586411,1000,1,1,1544722258,1544722258,0
LTE,316,7,200,4515,0,-94.248245,34.586411,1000,1,1,1544722920,1544722920,0
LTE,316,7,3,8568,0,-95.621887,29.672686,1000,1,1,1548974060,1548974060,0
LTE,316,7,3,9080,0,-95.625076,29.66609,1000,1,1,1548975431,1548975431,0
LTE,316,7,3,9057,0,-95.623306,29.672861,1000,1,1,1548975571,1548975571,0
LTE,316,7,3,8805,0,-95.623146,29.677137,1000,1,1,1548975590,1548975590,0
LTE,316,7,3,8541,0,-95.571121,29.655764,1000,1,1,1548977833,1548977833,0
LTE,316,7,3,8575,0,-95.571075,29.655754,1000,1,1,1548977853,1548977853,0
LTE,316,7,3,8590,0,-95.571526,29.656013,1000,1,1,1548978942,1548978942,0
LTE,316,7,3,663,0,-95.477402,29.730591,1000,1,1,1549091205,1549091205,0
LTE,316,7,3,4558,0,-95.477402,29.730591,1000,1,1,1549091235,1549091235,0
